"DESCRIPTION","DURATION IN MS","NAME","PARENT SUITE","START TIME","STATUS","STOP TIME","SUB SUITE","SUITE","TEST CLASS","TEST METHOD"
"","24","test_filter_get_message_with_extra_field","tests.filter","Wed Dec 04 11:45:05 GMT 2024","passed","Wed Dec 04 11:45:05 GMT 2024","TestFilterGetMessages","test_get_messages","",""
"","114","test_filter_get_message_with_meta","tests.filter","Wed Dec 04 11:45:10 GMT 2024","passed","Wed Dec 04 11:45:10 GMT 2024","TestFilterGetMessages","test_get_messages","",""
"","801","test_filter_get_message_with_valid_timestamps","tests.filter","Wed Dec 04 11:45:09 GMT 2024","passed","Wed Dec 04 11:45:10 GMT 2024","TestFilterGetMessages","test_get_messages","",""
"","425","test_filter_get_message_after_node_pauses_and_pauses","tests.filter","Wed Dec 04 11:45:00 GMT 2024","passed","Wed Dec 04 11:45:01 GMT 2024","TestFilterGetMessages","test_get_messages","",""
"","16637","test_store","tests.discv5","Wed Dec 04 11:44:47 GMT 2024","passed","Wed Dec 04 11:45:03 GMT 2024","TestDiscv5","test_discv5","",""
"","2087","test_filter_get_message_with_150_kb_payload","tests.filter","Wed Dec 04 11:45:05 GMT 2024","passed","Wed Dec 04 11:45:07 GMT 2024","TestFilterGetMessages","test_get_messages","",""
"","253","test_filter_unsubscribe_from_single_content_topic","tests.filter","Wed Dec 04 11:45:04 GMT 2024","passed","Wed Dec 04 11:45:04 GMT 2024","TestFilterUnSubscribe","test_unsubscribe","",""
"","0","test_idle_filter_subscriptions_for_more_than_5_nodes","tests.filter","Wed Dec 04 11:44:46 GMT 2024","skipped","Wed Dec 04 11:44:46 GMT 2024","TestIdleSubscriptions","test_idle_subscriptions","",""
"","53386","test_valid_payloads_lightpush_at_spam_rate","tests.relay","Wed Dec 04 11:44:46 GMT 2024","passed","Wed Dec 04 11:45:40 GMT 2024","TestRelayRLN","test_rln","",""
"","4677","test_filter_get_message_with_valid_payloads","tests.filter","Wed Dec 04 11:45:09 GMT 2024","passed","Wed Dec 04 11:45:14 GMT 2024","TestFilterGetMessages","test_get_messages","",""
"","0","test_idle_filter_subscriptions_after_node_disconnection","tests.filter","Wed Dec 04 11:44:46 GMT 2024","skipped","Wed Dec 04 11:44:46 GMT 2024","TestIdleSubscriptions","test_idle_subscriptions","",""
"","15142","test_relay","tests.discv5","Wed Dec 04 11:44:46 GMT 2024","passed","Wed Dec 04 11:45:02 GMT 2024","TestDiscv5","test_discv5","",""
"","287","test_filter_get_message_with_ephemeral","tests.filter","Wed Dec 04 11:45:06 GMT 2024","passed","Wed Dec 04 11:45:07 GMT 2024","TestFilterGetMessages","test_get_messages","",""
"","33800","test_filter_get_message_after_node2_restarts","tests.filter","Wed Dec 04 11:45:06 GMT 2024","passed","Wed Dec 04 11:45:39 GMT 2024","TestFilterGetMessages","test_get_messages","",""
"","251","test_filter_get_message_duplicate_message","tests.filter","Wed Dec 04 11:45:08 GMT 2024","passed","Wed Dec 04 11:45:08 GMT 2024","TestFilterGetMessages","test_get_messages","",""
"","35841","test_lightpush","tests.discv5","Wed Dec 04 11:44:46 GMT 2024","passed","Wed Dec 04 11:45:22 GMT 2024","TestDiscv5","test_discv5","",""
"","2074","test_filter_get_50_messages","tests.filter","Wed Dec 04 11:45:01 GMT 2024","passed","Wed Dec 04 11:45:03 GMT 2024","TestFilterGetMessages","test_get_messages","",""
"","22702","test_filter","tests.discv5","Wed Dec 04 11:44:47 GMT 2024","passed","Wed Dec 04 11:45:09 GMT 2024","TestDiscv5","test_discv5","",""
"","140","test_filter_get_message_with_version","tests.filter","Wed Dec 04 11:45:03 GMT 2024","passed","Wed Dec 04 11:45:04 GMT 2024","TestFilterGetMessages","test_get_messages","",""
"","269","test_filter_unsubscribe_from_all_subscribed_content_topics","tests.filter","Wed Dec 04 11:45:04 GMT 2024","passed","Wed Dec 04 11:45:04 GMT 2024","TestFilterUnSubscribe","test_unsubscribe","",""
"","35772","test_filter_get_message_after_node1_restarts","tests.filter","Wed Dec 04 11:45:07 GMT 2024","passed","Wed Dec 04 11:45:42 GMT 2024","TestFilterGetMessages","test_get_messages","",""
